period,CDEP,rfrom,CDES,rto,numCar,Time,iDest,iFlights,allFlights,DESpopK,DESgdpM,popK
2022Q1,AT,AT,AT,AT,8,6.3,0.479,0.64,0.64,8774.6,299128,8773.8
2022Q1,BE,BE,AT,AT,20,7.1,0.374,10.17,10.17,8775.8,299128,11355.7
2022Q1,BG,BG,AT,AT,13,7.8,0.334,0.95,0.95,8726.9,297814,6289.9
2022Q1,CY,CY,AT,AT,6,9.9,0.091,1.37,1.37,8118.1,281505,854.8
2022Q1,CZ,CZ,AT,AT,8,7.8,0.307,1.36,1.36,8774.3,299129,7673.5
2022Q1,DE,DE,AT,AT,31,6.8,0.91,6.41,6.41,8774.5,299126,79264.4
2022Q1,DK,DK,AT,AT,18,8.1,0.161,3.58,3.58,8775.5,299129,5669.5
2022Q1,EE,EE,AT,AT,10,9.2,0.058,3.07,3.07,8115.4,281505,1166.4
2022Q1,GR,GR,AT,AT,14,8.5,0.165,1.44,1.44,8115.5,281505,9228.5
2022Q1,ES,ES,AT,AT,19,8.8,0.517,3.03,3.03,8773.5,299127,44112
2022Q1,FI,FI,AT,AT,18,8.4,0.779,1.36,1.36,8774,299126,3993.5
2022Q1,FR,FR,AT,AT,30,7.7,0.432,3.79,3.79,8773.9,299128,49017.3
2022Q1,HR,HR,AT,AT,5,6.8,0.198,0.65,0.65,7707.5,268494,3136.5
2022Q1,HU,HU,AT,AT,9,7.5,0.427,0.95,0.95,8776.1,299127,6700.5
2022Q1,IE,IE,AT,AT,10,8.6,0.1,3.93,3.93,8726,297812,3806.3
2022Q1,IT,IT,AT,AT,18,7.9,0.27,3.58,3.58,8773.9,299127,57237.7
2022Q1,LT,LT,AT,AT,9,8.9,0.015,1.06,1.06,8029,273034,2108.8
2022Q1,LU,LU,AT,AT,6,6.8,0.238,3.31,3.31,8776.2,299129,590.7
2022Q1,LV,LV,AT,AT,9,8.6,0.083,1.7,1.7,8685,295398,1950.3
2022Q1,MT,MT,AT,AT,8,8.1,0.037,1.22,1.22,8164.8,282819,460.5
2022Q1,NL,NL,AT,AT,20,6.9,0.539,10.64,10.64,8776.2,299127,15855.6
2022Q1,PL,PL,AT,AT,11,8.3,0.34,2.38,2.38,8776.1,299129,38557.5
2022Q1,PT,PT,AT,AT,17,9.5,0.261,4.87,4.87,8167,282818,9553.8
2022Q1,RO,RO,AT,AT,13,7.6,0.447,0.91,0.91,8727.1,297812,13992.5
2022Q1,SE,SE,AT,AT,24,8.6,0.254,3.58,3.58,8773.6,299128,8539.2
2022Q1,SI,SI,AT,AT,8,6.5,0.25,0.52,0.52,6300.7,227293,2066.3
2022Q1,SK,SK,AT,AT,6,5.9,0.244,0.38,0.38,7639.6,269077,3475.3
2022Q1,GB,GB,AT,AT,27,8.2,0.795,6.85,6.85,8773.7,299129,66195
2022Q1,AT,AT,BE,BE,17,7.2,0.509,8.86,8.86,11354.2,369017,8775.9
2022Q1,DE,DE,BE,BE,26,7.3,2.176,7.82,7.82,11354.3,369018,74249.4
2022Q1,ES,ES,BE,BE,28,8.1,0.514,10.29,10.29,11354.3,369016,45932.7
2022Q1,FI,FI,BE,BE,14,8.3,0.612,4.3,4.3,11352.2,369015,3361.3
2022Q1,SE,SE,BE,BE,17,7.9,0.336,6.37,6.37,11352.7,369016,8538.8
2022Q1,BG,BG,BE,BE,22,9.2,0.012,4.59,4.59,11354.7,369015,4953
2022Q1,CY,CY,BE,BE,7,11.7,0.004,4.96,4.96,11353.2,369015,854.9
2022Q1,CZ,CZ,BE,BE,13,7.6,0.31,5.41,5.41,11354.2,369014,6606.2
2022Q1,DK,DK,BE,BE,14,7.3,0.58,9.21,9.21,11354.2,369016,5675.5
2022Q1,EE,EE,BE,BE,9,9,0.069,7.6,7.6,11356.1,369014,1166.2
2022Q1,GR,GR,BE,BE,18,9.4,0.195,8.08,8.08,11352.3,369014,9271.7
2022Q1,FR,FR,BE,BE,28,6.9,0.41,3.37,3.37,11355.5,369015,51927
2022Q1,HR,HR,BE,BE,12,7.9,0.101,5.7,5.7,11352.4,369015,3073.9
2022Q1,HU,HU,BE,BE,14,7.9,0.132,8.12,8.12,11355.4,369018,8138.7
2022Q1,IE,IE,BE,BE,9,6.7,0.773,5.73,5.73,11354,369016,3806.4
2022Q1,IT,IT,BE,BE,25,7.6,0.431,10.94,10.94,11352.1,369018,59332.9
2022Q1,LT,LT,BE,BE,12,8.2,0.018,4.98,4.98,11355.7,369016,2352.8
2022Q1,LV,LV,BE,BE,8,9,0.062,4.69,4.69,11352,369016,1950.4
2022Q1,MT,MT,BE,BE,11,8.9,0.038,5.47,5.47,11352.1,369018,460.4
2022Q1,NL,NL,BE,BE,2,5.1,2.013,0.28,0.28,11353.9,369015,12566.6
2022Q1,PL,PL,BE,BE,15,8.4,0.321,8.55,8.55,11351.7,369018,36415.5
2022Q1,PT,PT,BE,BE,20,8.3,0.536,12.99,12.99,11352.5,369015,9885.5
2022Q1,RO,RO,BE,BE,16,8.9,0.033,5.22,5.22,11352.6,369016,14629.6
2022Q1,SI,SI,BE,BE,13,8,0.072,5.9,5.9,11355.6,369017,2067.1
2022Q1,SK,SK,BE,BE,9,7.6,0.544,4.18,4.18,11352.2,369016,4745
2022Q1,GB,GB,BE,BE,20,7,0.883,8.24,8.24,11355.7,369016,65881.2
2022Q1,BE,BE,BE,BE,1,5,0,0,0,4536.4,162651,4474.2
2022Q1,IT,IT,BG,BG,21,9.3,0.031,2.05,2.05,5043,29879,57472.5
2022Q1,GB,GB,BG,BG,19,9,0.079,2.75,2.75,7103,38094,65871.3
2022Q1,AT,AT,BG,BG,12,7.6,0.086,0.97,0.97,6290.4,34941,8116.9
2022Q1,BE,BE,BG,BG,23,9.3,0.02,5.25,5.25,4953.9,29623,11355.6
2022Q1,BG,BG,BG,BG,6,5.1,0.035,0.39,0.39,5678,32517,5677.2
2022Q1,CY,CY,BG,BG,6,8.1,0.007,0.7,0.7,3544.4,23959,854.8
2022Q1,CZ,CZ,BG,BG,9,9.1,0.004,1.06,1.06,4953.3,29622,6605.8
2022Q1,DE,DE,BG,BG,25,9.2,0.052,4.07,4.07,6289,34940,78269.7
2022Q1,DK,DK,BG,BG,8,10,0.005,2.16,2.16,4954.4,29622,5670.3
2022Q1,EE,EE,BG,BG,6,10.9,NA,0.91,0.91,3392.9,23558,1166.5
2022Q1,GR,GR,BG,BG,9,6.4,0.495,0.54,0.54,4952.6,29622,9363.2
2022Q1,ES,ES,BG,BG,17,10.2,0.009,0.69,0.69,4953.8,29622,41884.6
2022Q1,FI,FI,BG,BG,11,10.6,0.011,0.7,0.7,4953.1,29621,2043.4
2022Q1,FR,FR,BG,BG,20,9.8,0.037,1.51,1.51,4953.4,29621,49020.6
2022Q1,HR,HR,BG,BG,7,8.9,0.003,0.25,0.25,3392.9,23558,2772.7
2022Q1,HU,HU,BG,BG,11,7.1,0.039,0.25,0.25,4953.5,29622,6922
2022Q1,IE,IE,BG,BG,9,10.2,0.011,1.28,1.28,4880.2,29278,3806.1
2022Q1,LT,LT,BG,BG,5,11.1,NA,0.49,0.49,3392.7,23559,1650.5
2022Q1,LU,LU,BG,BG,11,9.4,0.002,2.46,2.46,4954.4,29623,590.7
2022Q1,LV,LV,BG,BG,6,11.3,NA,1.33,1.33,4803.5,29221,1704.2
2022Q1,MT,MT,BG,BG,5,10.3,0.004,0.65,0.65,4802.1,29221,460.4
2022Q1,NL,NL,BG,BG,23,9.2,0.044,4.83,4.83,6290.3,34941,15857
2022Q1,PL,PL,BG,BG,9,9.5,0.082,1.41,1.41,4952.9,29623,38228.8
2022Q1,PT,PT,BG,BG,17,11.1,0.004,1.85,1.85,4952.5,29622,9339.1
2022Q1,RO,RO,BG,BG,5,6.5,0.07,0.17,0.17,3393,23559,13552.7
2022Q1,SE,SE,BG,BG,14,10.4,0.006,1.84,1.84,4953.1,29622,7239.9
2022Q1,SI,SI,BG,BG,9,9.9,0.003,0.88,0.88,3393.7,23559,2066.6
2022Q1,SK,SK,BG,BG,4,6,0.088,0.29,0.29,4802.3,29222,3124.2
2022Q1,AT,AT,CY,CY,8,10.7,0.015,1.55,1.55,854.8,17979,8118.1
2022Q1,BE,BE,CY,CY,7,11.8,0.001,4.57,4.57,854.8,17979,11353.7
2022Q1,BG,BG,CY,CY,5,8.4,0.007,0.68,0.68,854.8,17979,3544.6
2022Q1,CZ,CZ,CY,CY,7,13.1,0.003,2.53,2.53,854.9,17979,6605.6
2022Q1,DE,DE,CY,CY,10,11,0.018,4.16,4.16,854.9,17979,78105.6
2022Q1,DK,DK,CY,CY,6,12.3,NA,2.26,2.26,854.8,17979,5084.3
2022Q1,EE,EE,CY,CY,3,12.6,NA,1.01,1.01,854.9,17979,1166.2
2022Q1,GR,GR,CY,CY,7,6.2,0.305,4.38,4.38,854.8,17979,9561
2022Q1,ES,ES,CY,CY,5,12.6,NA,1.39,1.39,854.9,17979,27526.5
2022Q1,FI,FI,CY,CY,8,13.1,0.001,0.91,0.91,854.8,17979,2043
2022Q1,FR,FR,CY,CY,9,12.7,0.007,2.26,2.26,854.9,17979,34554.9
2022Q1,HR,HR,CY,CY,2,10.9,NA,0.93,0.93,854.9,17979,2773.1
2022Q1,HU,HU,CY,CY,4,10.2,0.008,0.9,0.9,854.8,17979,6046.3
2022Q1,IE,IE,CY,CY,3,12.2,NA,1.92,1.92,854.9,17979,3806.4
2022Q1,IT,IT,CY,CY,7,11.9,0.003,2.39,2.39,854.8,17979,41913.9
2022Q1,LT,LT,CY,CY,2,12.1,NA,0.33,0.33,854.8,17979,1650.2
2022Q1,LU,LU,CY,CY,5,11,NA,1.14,1.14,854.8,17979,590.8
2022Q1,LV,LV,CY,CY,2,10,0.003,0.62,0.62,854.9,17979,1703.9
2022Q1,MT,MT,CY,CY,2,7.3,0.007,0.71,0.71,854.9,17979,460.4
2022Q1,NL,NL,CY,CY,9,11.2,0.006,6.34,6.34,854.8,17979,15857.2
2022Q1,PL,PL,CY,CY,6,11.7,0.003,0.86,0.86,854.8,17979,29374.7
2022Q1,PT,PT,CY,CY,4,12.6,NA,1.44,1.44,854.8,17979,4803.6
2022Q1,RO,RO,CY,CY,3,9.3,0.018,0.44,0.44,854.8,17979,9775.5
2022Q1,SE,SE,CY,CY,8,12,0.001,1.99,1.99,854.8,17979,6499.8
2022Q1,SI,SI,CY,CY,3,11.9,NA,0.84,0.84,854.9,17979,1948.6
2022Q1,SK,SK,CY,CY,4,10.2,0.016,0.54,0.54,854.8,17979,1203.1
2022Q1,GB,GB,CY,CY,8,10.7,0.221,3.66,3.66,854.9,17979,62411.3
2022Q1,BE,BE,CZ,CZ,16,7.6,0.121,7.05,7.05,8183.2,124618,11354.4
2022Q1,DE,DE,CZ,CZ,18,7.6,0.271,4.45,4.45,8182.5,124618,78553.4
2022Q1,NL,NL,CZ,CZ,15,7.1,0.494,6.83,6.83,8182.7,124618,15855.9
2022Q1,AT,AT,CZ,CZ,7,7.3,0.168,1.2,1.2,6606.2,104948,8724
2022Q1,BG,BG,CZ,CZ,10,9.8,0.013,0.98,0.98,6605.9,104948,4953.2
2022Q1,CY,CY,CZ,CZ,7,11.3,0.001,1.74,1.74,6606.2,104949,854.8
2022Q1,CZ,CZ,CZ,CZ,4,8.8,0.001,0.38,0.38,9002,135814,9002.6
2022Q1,DK,DK,CZ,CZ,6,8,0.017,1.13,1.13,6605.6,104948,5670.3
2022Q1,EE,EE,CZ,CZ,7,9.8,NA,3.48,3.48,6605.6,104949,1166.2
2022Q1,GR,GR,CZ,CZ,10,9.4,0.009,1.67,1.67,6605.6,104949,9521.6
2022Q1,ES,ES,CZ,CZ,16,9.5,0.07,2.87,2.87,6606,104949,42456.4
2022Q1,FI,FI,CZ,CZ,10,8.2,0.092,0.39,0.39,6605.7,104949,2988
2022Q1,FR,FR,CZ,CZ,18,8.1,0.299,3.81,3.81,9511.2,142128,47543.2
2022Q1,HR,HR,CZ,CZ,7,8.9,NA,2.73,2.73,6606.2,104949,2773.1
2022Q1,HU,HU,CZ,CZ,9,8.3,0.058,0.94,0.94,6605.9,104948,7576.3
2022Q1,IE,IE,CZ,CZ,7,9,0.066,2.93,2.93,6606.1,104949,3806.4
2022Q1,IT,IT,CZ,CZ,15,8.6,0.122,4.17,4.17,6605.7,104948,56005.1
2022Q1,LT,LT,CZ,CZ,8,9.5,NA,2.21,2.21,6605.9,104948,1650.5
2022Q1,LU,LU,CZ,CZ,6,8.3,NA,4.36,4.36,6605.8,104948,590.7
2022Q1,LV,LV,CZ,CZ,6,8.4,0.008,1.12,1.12,6606,104948,1703.8
2022Q1,MT,MT,CZ,CZ,7,10,NA,2.07,2.07,6605.6,104948,460.3
2022Q1,PL,PL,CZ,CZ,7,8.1,0.715,1.76,1.76,6606.1,104948,37934.1
2022Q1,PT,PT,CZ,CZ,14,10.3,0.12,4.52,4.52,6606.2,104948,9482
2022Q1,RO,RO,CZ,CZ,7,9.2,0.023,1.11,1.11,6606.2,104948,12535.8
2022Q1,SE,SE,CZ,CZ,10,8.6,0.012,0.97,0.97,6606.2,104948,7534.6
2022Q1,SI,SI,CZ,CZ,7,8.7,NA,2.45,2.45,6606.1,104949,2066.2
2022Q1,SK,SK,CZ,CZ,5,6,0.103,0.31,0.31,5396.2,89017,3475
2022Q1,GB,GB,CZ,CZ,16,8.4,0.346,6.47,6.47,9512,142129,65878.4
2022Q1,AT,AT,DE,DE,30,6.8,1.766,5.82,5.82,79276.9,2534438,8773.3
2022Q1,BE,BE,DE,DE,32,6.9,6.826,8.31,8.31,71807.5,2283653,11354.8
2022Q1,BG,BG,DE,DE,23,9.4,0.665,3.94,3.94,78511.2,2510536,6289.8
2022Q1,CY,CY,DE,DE,11,11.2,0.241,3.55,3.55,77980.3,2496412,854.9
2022Q1,CZ,CZ,DE,DE,19,7.9,2.145,4.47,4.47,78594.5,2513033,6606.1
2022Q1,DE,DE,DE,DE,46,6.5,9.731,6.98,6.98,78882.8,2519761,78895.5
2022Q1,DK,DK,DE,DE,26,7.9,2.033,7.54,7.54,78823.2,2545577,5675.4
2022Q1,EE,EE,DE,DE,11,9.2,1.542,5.36,5.36,77987.5,2496404,1166.6
2022Q1,GR,GR,DE,DE,24,9.3,0.767,5.92,5.92,78252.5,2502627,9579.5
2022Q1,ES,ES,DE,DE,39,8.8,1.769,7.09,7.09,79481.3,2538193,46026.2
2022Q1,FI,FI,DE,DE,23,8.4,1.446,3.17,3.17,78498.1,2510537,4367.3
2022Q1,FR,FR,DE,DE,50,7.6,3.674,6.04,6.04,79655.5,2543646,54309.6
2022Q1,HR,HR,DE,DE,17,7.9,1.349,4.96,4.96,78260.6,2502623,4131
2022Q1,HU,HU,DE,DE,26,7.9,1.452,5.23,5.23,79277.4,2534457,9397.3
2022Q1,IE,IE,DE,DE,14,8,2.007,6.82,6.82,78375,2507098,3806.1
2022Q1,IT,IT,DE,DE,41,8,4.869,7.67,7.67,78643.3,2514433,59563.3
2022Q1,LT,LT,DE,DE,13,8.7,0.264,2.9,2.9,77856.3,2491297,2352.6
2022Q1,LU,LU,DE,DE,9,6.9,0.454,4.18,4.18,60305.8,1877793,590.7
2022Q1,LV,LV,DE,DE,11,8.9,0.147,3.97,3.97,78488,2510543,1950.7
2022Q1,MT,MT,DE,DE,12,9.1,0.336,3.71,3.71,78111.1,2499838,460.4
2022Q1,NL,NL,DE,DE,34,6.3,5.702,8.3,8.3,79165.1,2528179,15854.6
2022Q1,PL,PL,DE,DE,20,8.5,1.376,5.47,5.47,78362.2,2507741,39100.6
2022Q1,PT,PT,DE,DE,23,9.2,1.872,10.3,10.3,78262.1,2502629,9885.6
2022Q1,RO,RO,DE,DE,16,9.2,0.563,3.21,3.21,78489.1,2510538,15477.6
2022Q1,SE,SE,DE,DE,32,8.4,3.23,6.33,6.33,78935.1,2548393,8538.3
2022Q1,SI,SI,DE,DE,16,8,1.295,5.5,5.5,78269.5,2502640,2067
2022Q1,SK,SK,DE,DE,18,7.2,2.284,2.4,2.4,79027.5,2526539,4744.7
2022Q1,GB,GB,DE,DE,28,7.7,4.162,10.71,10.71,78573,2514075,66193.5
2022Q1,AT,AT,DK,DK,16,8.3,0.278,3.65,3.65,5669.2,333961,8776
2022Q1,BE,BE,DK,DK,12,7.6,0.435,10.38,10.38,5674.5,334170,11355.2
2022Q1,BG,BG,DK,DK,10,10,0.015,2.14,2.14,5669.3,333961,4952.6
2022Q1,CY,CY,DK,DK,6,11.7,NA,2.16,2.16,5669.5,333961,854.8
2022Q1,CZ,CZ,DK,DK,6,7.8,0.045,0.99,0.99,5670.3,333962,6606.2
2022Q1,DE,DE,DK,DK,22,8.1,0.938,7.42,7.42,5675.6,334171,78808.6
2022Q1,DK,DK,DK,DK,11,4.4,1.529,3.92,3.92,5722.8,335965,5722.8
2022Q1,EE,EE,DK,DK,5,8.2,0.021,4.2,4.2,5669.8,333962,1166.4
2022Q1,GR,GR,DK,DK,9,10.1,0.078,3.86,3.86,5670.1,333962,9465.7
2022Q1,ES,ES,DK,DK,23,9.5,0.176,5.55,5.55,5675.4,334171,41100.2
2022Q1,FI,FI,DK,DK,13,7.9,0.831,2.97,2.97,5669.5,333962,2987.8
2022Q1,FR,FR,DK,DK,21,8.3,0.922,6.57,6.57,5669.8,333961,49508.7
2022Q1,HR,HR,DK,DK,9,8.4,0.122,3.45,3.45,5669.7,333961,2772
2022Q1,HU,HU,DK,DK,11,8.6,0.115,2.51,2.51,5670.6,333962,6700.5
2022Q1,IE,IE,DK,DK,4,8.1,0.225,3.89,3.89,5669.1,333962,3806.1
2022Q1,IT,IT,DK,DK,20,9.1,0.17,7.45,7.45,5669.2,333961,54396.7
2022Q1,LT,LT,DK,DK,6,7.3,0.237,2.65,2.65,5669.4,333962,2353.2
2022Q1,LU,LU,DK,DK,5,8.2,0.16,4.73,4.73,5669.6,333961,590.7
2022Q1,LV,LV,DK,DK,5,7.7,0.156,1.84,1.84,5670.2,333962,1950.6
2022Q1,MT,MT,DK,DK,8,10,0.002,2.67,2.67,5670.3,333961,460.4
2022Q1,NL,NL,DK,DK,14,6.5,1.24,10.74,10.74,5674.4,334171,15856.4
2022Q1,PL,PL,DK,DK,7,7.9,0.287,2.21,2.21,5669.2,333963,36416
2022Q1,PT,PT,DK,DK,16,9.9,0.24,6.53,6.53,5670.2,333963,9568.4
2022Q1,RO,RO,DK,DK,8,9.8,0.02,2.01,2.01,5670.3,333962,10949
2022Q1,SE,SE,DK,DK,13,5.6,2.54,4.69,4.69,5717.6,335756,8538.5
2022Q1,SI,SI,DK,DK,11,9.5,0.122,3.83,3.83,5670.2,333962,2066.8
2022Q1,SK,SK,DK,DK,6,8.3,0.292,1.24,1.24,5670.2,333962,4745
2022Q1,GB,GB,DK,DK,15,8.1,1.206,9.84,9.84,5673.3,334153,65877.2
2022Q1,DK,DK,EE,EE,7,8,0.002,3.63,3.63,1275.3,20624,5672.9
2022Q1,AT,AT,EE,EE,10,8.9,0.005,2.77,2.77,1166.5,14963,8725.2
2022Q1,BE,BE,EE,EE,9,9.1,0.006,9.88,9.88,1166.3,14963,11354.4
2022Q1,BG,BG,EE,EE,6,11.8,NA,0.86,0.86,1166.5,14963,3393.5
2022Q1,CY,CY,EE,EE,2,12,NA,0.51,0.51,1166.4,14963,854.8
2022Q1,CZ,CZ,EE,EE,6,9.7,NA,2.6,2.6,1166.5,14963,6606.1
2022Q1,DE,DE,EE,EE,9,9.1,0.035,5.77,5.77,1166.3,14963,77804.9
2022Q1,EE,EE,EE,EE,1,4.9,0.02,0.1,0.1,1207.6,17102,1207.8
2022Q1,GR,GR,EE,EE,6,12.2,NA,1.77,1.77,1166.5,14963,6544.3
2022Q1,ES,ES,EE,EE,12,10.9,0.001,1.68,1.68,1166.4,14963,33013.2
2022Q1,FI,FI,EE,EE,6,5,0.271,2.26,2.26,1166.2,14963,3526.2
2022Q1,FR,FR,EE,EE,9,9.5,0.004,3.11,3.11,1166.5,14963,43558.1
2022Q1,HR,HR,EE,EE,6,10.3,NA,2.15,2.15,1166.2,14963,2773
2022Q1,HU,HU,EE,EE,11,10.2,0.006,3.19,3.24,1166.2,14963,6701
2022Q1,IE,IE,EE,EE,5,10,NA,1.57,1.57,1166.4,14963,3806.5
2022Q1,IT,IT,EE,EE,12,9.9,0.002,3.56,3.56,1166.2,14963,50435.6
2022Q1,LT,LT,EE,EE,3,7.3,0.009,2.38,2.38,1166.3,14963,2108.8
2022Q1,LU,LU,EE,EE,3,8.9,NA,1.9,1.9,1166.5,14963,590.8
2022Q1,LV,LV,EE,EE,2,5,0.083,1.76,1.76,1166.2,14963,1950.2
2022Q1,MT,MT,EE,EE,2,10.4,0,0.89,0.89,1166.5,14963,460.3
2022Q1,NL,NL,EE,EE,9,8.9,0.018,8.77,8.77,1166.5,14963,15855.2
2022Q1,PL,PL,EE,EE,7,9.2,0.05,2.88,2.88,1166.4,14963,37605.8
2022Q1,PT,PT,EE,EE,7,11.5,NA,3.09,3.09,1166.3,14963,9340.7
2022Q1,RO,RO,EE,EE,6,11.7,NA,1.15,1.15,1166.5,14963,9776.3
2022Q1,SE,SE,EE,EE,9,8,0.053,4.39,4.39,1166.4,14963,7798.8
2022Q1,SI,SI,EE,EE,7,10.2,NA,2.33,2.33,1166.3,14963,2066.7
2022Q1,SK,SK,EE,EE,6,9.6,0.006,0.98,1.24,1166.2,14963,3475
2022Q1,GB,GB,EE,EE,10,9.5,0.004,4.65,4.65,1166.3,14963,58871.4
2022Q1,AT,AT,GR,GR,11,8.2,0.114,1.5,1.5,8820.6,222668,8164.2
2022Q1,BE,BE,GR,GR,19,9.2,0.163,7.85,7.85,9435.7,229624,11352.2
2022Q1,BG,BG,GR,GR,12,6.6,1.788,0.59,0.59,9360.6,253052,4953.3
2022Q1,CY,CY,GR,GR,7,6.2,0.934,4.41,4.41,8992.4,245902,854.9
2022Q1,CZ,CZ,GR,GR,11,9.2,0.013,1.49,1.49,9394.9,228798,6606.1
2022Q1,DE,DE,GR,GR,24,9,0.231,5.69,5.69,9452.1,232497,78275.5
2022Q1,DK,DK,GR,GR,10,9.6,0.065,3.42,3.42,9237.6,211980,5670.7
2022Q1,EE,EE,GR,GR,8,11.6,NA,1.38,1.38,6544.5,144214,1166.4
2022Q1,GR,GR,GR,GR,5,4.7,1.08,2.91,2.91,10764.5,283385,10766.9
2022Q1,ES,ES,GR,GR,16,10.1,0.086,1.41,1.41,8795.7,218653,40230.7
2022Q1,FI,FI,GR,GR,13,11.6,0.01,1.15,1.15,9229.3,218353,2043.2
2022Q1,FR,FR,GR,GR,19,9.5,0.303,3.16,3.16,9452.3,232496,49017.1
2022Q1,HR,HR,GR,GR,8,9.6,0.002,1.42,1.42,7133.2,152444,2773
2022Q1,HU,HU,GR,GR,9,8,0.037,0.79,0.79,8823.1,222666,7576.7
2022Q1,IE,IE,GR,GR,9,10.2,0.01,2.22,2.22,8426.4,210453,3806
2022Q1,IT,IT,GR,GR,14,9.2,0.119,1.91,1.91,9530.9,245981,56439.6
2022Q1,LT,LT,GR,GR,7,10.8,NA,1.14,1.14,6546.2,144213,2108.7
2022Q1,LU,LU,GR,GR,8,9.3,0.01,2.8,2.8,8049.4,206480,590.7
2022Q1,LV,LV,GR,GR,8,12.5,NA,1.98,1.98,6544.8,144215,1950.5
2022Q1,MT,MT,GR,GR,2,5.6,0.012,0.37,0.37,7389.1,177683,460.4
2022Q1,NL,NL,GR,GR,19,9.3,0.336,8.74,8.74,9434.7,229628,15853.9
2022Q1,PL,PL,GR,GR,9,9.6,0.026,0.98,0.98,9175.5,228503,36441.8
2022Q1,PT,PT,GR,GR,12,10.8,0.054,2.45,2.45,8428,210455,9339.8
2022Q1,RO,RO,GR,GR,8,8,0.05,0.65,0.65,8020.1,195816,13552.8
2022Q1,SE,SE,GR,GR,12,10.4,0.038,2.87,2.87,9366.6,223382,7239.8
2022Q1,SI,SI,GR,GR,7,10.2,0.002,1.62,1.62,7133,152446,2066.3
2022Q1,SK,SK,GR,GR,5,7.2,0.08,0.44,0.44,8001.2,200346,4745.2
2022Q1,GB,GB,GR,GR,20,9.8,0.641,5.37,5.37,8934.6,236332,65882.6
2022Q1,AT,AT,ES,ES,20,9,0.995,3.13,3.13,43924.5,1003607,8773.1
2022Q1,BE,BE,ES,ES,28,8.2,1.477,11.17,11.17,46404,1060991,11352.5
2022Q1,BG,BG,ES,ES,18,10.4,0.093,0.88,0.88,42414.4,975028,5042.6
2022Q1,CZ,CZ,ES,ES,18,9.5,0.192,3.14,3.14,42904.4,974721,6606
2022Q1,DE,DE,ES,ES,38,8.9,1.765,7.78,7.78,46497.1,1063186,79708.1
2022Q1,DK,DK,ES,ES,20,9.4,0.287,5.66,5.66,43920.5,997524,5675.4
2022Q1,GR,GR,ES,ES,13,10.8,0.228,1.78,1.78,43836.9,996013,8913.5
2022Q1,ES,ES,ES,ES,36,6.2,4.236,5.07,5.07,45780,1044464,45782.8
2022Q1,FI,FI,ES,ES,22,10.2,0.262,2.15,2.15,42250.6,972173,4058.8
2022Q1,FR,FR,ES,ES,35,7.8,4.677,4.59,4.59,46497.4,1063189,53450.9
2022Q1,HR,HR,ES,ES,14,9.9,0.008,2.01,2.01,38767.6,887743,2857.9
2022Q1,HU,HU,ES,ES,17,9.7,0.295,2.82,2.82,43923.3,1003607,8468.8
2022Q1,IE,IE,ES,ES,13,8.7,0.914,3.4,3.4,41742.5,959425,4254.6
2022Q1,IT,IT,ES,ES,24,8.4,1.946,4.03,4.03,46497.6,1063186,57574
2022Q1,LV,LV,ES,ES,11,11.1,0.043,2.25,2.25,40958.9,923627,1950.2
2022Q1,MT,MT,ES,ES,9,8.7,0.157,0.63,0.63,40388,925908,460.5
2022Q1,NL,NL,ES,ES,26,8.4,3.334,14.33,14.33,46402.9,1060993,17092.8
2022Q1,PT,PT,ES,ES,18,6.2,4.798,4.5,4.5,46493,1063187,9759.2
2022Q1,RO,RO,ES,ES,15,10.6,0.202,1.45,1.45,37543.4,874566,14509.7
2022Q1,SE,SE,ES,ES,24,9.9,0.17,4.31,4.31,44570.4,1014924,9751.6
2022Q1,SK,SK,ES,ES,13,9.4,0.904,1.31,1.31,43924.5,1003609,4744.8
2022Q1,GB,GB,ES,ES,27,8.3,3.655,6.9,6.9,46496.1,1063187,67300.1
2022Q1,LU,LU,ES,ES,8,7.8,0.151,2.84,2.84,36312.6,842598,590.8
2022Q1,SI,SI,ES,ES,13,9.7,0.004,1.92,1.92,35923.2,816759,2065.9
2022Q1,CY,CY,ES,ES,6,12.7,NA,1.53,1.53,28446.8,673747,854.9
2022Q1,EE,EE,ES,ES,12,11.4,0.026,1.99,1.99,33212.8,760820,1166.5
2022Q1,LT,LT,ES,ES,12,10.9,0.015,0.95,0.95,33212.3,760817,2353
2022Q1,PL,PL,ES,ES,21,10.2,0.138,2.31,2.31,34260.9,804712,39098.6
2022Q1,AT,AT,FI,FI,19,8.1,0.534,1.18,1.18,4367,154615,8773
2022Q1,BE,BE,FI,FI,14,7.9,1.031,5.04,5.04,3361.3,122341,11352.3
2022Q1,CZ,CZ,FI,FI,9,7.7,0.115,0.39,0.39,3361.6,122340,6605.7
2022Q1,DE,DE,FI,FI,25,8.2,0.746,3.15,3.15,4367.5,154615,78482
2022Q1,DK,DK,FI,FI,13,7.6,1.165,2.55,2.55,4059.4,144393,5669.1
2022Q1,EE,EE,FI,FI,6,4.8,1.544,2.25,2.25,3525.2,126891,1166.5
2022Q1,ES,ES,FI,FI,23,10.3,0.119,1.74,1.74,3361.1,122340,40964.2
2022Q1,FI,FI,FI,FI,5,4.6,1.348,0.73,0.73,3446.2,124790,3447.1
2022Q1,FR,FR,FI,FI,27,8.8,1.369,2.71,2.71,4058.4,144392,47702.6
2022Q1,HU,HU,FI,FI,17,8.9,0.178,0.58,0.59,4367.1,154615,6701
2022Q1,IE,IE,FI,FI,8,9,0.082,1.53,1.53,3361.3,122341,3806.4
2022Q1,IT,IT,FI,FI,21,9.7,0.472,2.59,2.59,3669.6,132563,53161.6
2022Q1,LT,LT,FI,FI,6,6.3,0.514,1.02,1.02,4059.1,144393,2352.9
2022Q1,LV,LV,FI,FI,6,5.6,0.362,1.62,1.62,4058.7,144393,1950.6
2022Q1,NL,NL,FI,FI,14,7.7,1.078,4.72,4.72,4058.5,144393,15855.1
2022Q1,PL,PL,FI,FI,10,7.4,0.842,0.67,0.67,4058.6,144393,36412.2
2022Q1,PT,PT,FI,FI,16,10.3,0.153,2.35,2.35,3361.8,122341,9476.5
2022Q1,SE,SE,FI,FI,13,5.6,1.57,2.01,2.01,4058.7,144393,8972.1
2022Q1,SK,SK,FI,FI,11,8.6,0.611,0.38,0.49,4366.9,154615,4745.1
2022Q1,GB,GB,FI,FI,13,8.8,0.877,3.97,3.97,4567.8,160619,65871.2
2022Q1,BG,BG,FI,FI,13,11.6,0.029,0.74,0.74,2223.6,88467,4801.7
2022Q1,CY,CY,FI,FI,7,12.3,0.004,0.65,0.65,2043,83129,854.8
2022Q1,GR,GR,FI,FI,13,11.3,0.015,1.1,1.1,2223.2,88467,7915.1
2022Q1,HR,HR,FI,FI,12,10,0.016,1.52,1.52,2043.3,83129,2989.3
2022Q1,LU,LU,FI,FI,6,8.1,0.016,1.74,1.74,2223.6,88467,590.7
2022Q1,MT,MT,FI,FI,6,11.7,NA,1.07,1.07,2043,83129,460.4
2022Q1,RO,RO,FI,FI,8,9.5,0.029,0.17,0.17,2223.2,88467,10949.7
2022Q1,SI,SI,FI,FI,11,10.1,NA,1.27,1.27,2223.3,88467,2066.9
2022Q1,AT,AT,FR,FR,28,7.8,2.262,3.57,3.57,47688.1,1557331,8774.1
2022Q1,BG,BG,FR,FR,22,10,0.457,1.66,1.66,49019,1584176,4952.6
2022Q1,CZ,CZ,FR,FR,17,8.5,3.015,3.76,3.76,47543.1,1553003,9511.3
2022Q1,EE,EE,FR,FR,11,10,0.08,2.99,2.99,48021.7,1560888,1166.3
2022Q1,GR,GR,FR,FR,23,9.8,1.381,3.42,3.42,49019.1,1584180,9286.7
2022Q1,ES,ES,FR,FR,35,7.7,3.703,4.56,4.56,55462.4,1742686,46027.6
2022Q1,FI,FI,FR,FR,22,9.2,2.963,2.55,2.55,47540.3,1553004,3361.5
2022Q1,FR,FR,FR,FR,53,5.7,9.855,3.83,3.83,63220.6,1943496,62911.5
2022Q1,HR,HR,FR,FR,14,8.3,0.515,2.85,2.85,47541.4,1553005,3074.6
2022Q1,HU,HU,FR,FR,24,8.3,2.068,3.52,3.52,47543.3,1553007,9432.6
2022Q1,IE,IE,FR,FR,13,7.6,3.234,3.76,3.76,48024,1562891,3806.5
2022Q1,IT,IT,FR,FR,36,7.6,7.657,5.07,5.07,52841.6,1672513,59339.4
2022Q1,LT,LT,FR,FR,13,9,0.059,1.69,1.69,44936.3,1479271,2108.4
2022Q1,LV,LV,FR,FR,14,9.9,0.729,2.82,2.82,47541.9,1553006,1950.2
2022Q1,MT,MT,FR,FR,12,8.8,0.139,2.19,2.19,50369.1,1612855,460.3
2022Q1,PL,PL,FR,FR,17,9,1.828,3.48,3.48,49494.8,1594065,38554.4
2022Q1,PT,PT,FR,FR,20,7.4,2.562,6.63,6.63,57273.1,1789858,9891.1
2022Q1,RO,RO,FR,FR,22,9.6,1.605,2.09,2.09,49017.1,1584178,14630.3
2022Q1,SI,SI,FR,FR,15,8.9,0.434,2.8,2.8,47543.5,1553004,2067
2022Q1,SK,SK,FR,FR,20,8.2,2.33,1.55,1.55,47542.2,1553008,4744.9
2022Q1,GB,GB,FR,FR,41,7.4,7.091,6.28,6.28,59197.9,1847998,66195.1
2022Q1,DE,DE,FR,FR,44,7.8,4.918,6.02,6.02,55027.4,1734671,78888.7
2022Q1,NL,NL,FR,FR,23,6.7,8.454,6.95,6.95,53730.8,1700037,15854.9
2022Q1,BE,BE,FR,FR,29,7,0.952,3.48,3.48,53256.5,1682971,11354.6
2022Q1,CY,CY,FR,FR,9,12,0.026,2.22,2.22,36539.8,1275875,854.8
2022Q1,DK,DK,FR,FR,21,8.2,3.952,6.24,6.24,50981.7,1632030,5675.2
2022Q1,LU,LU,FR,FR,12,7.2,0.319,2.26,2.26,41038.5,1381733,590.7
2022Q1,SE,SE,FR,FR,25,8.8,3.153,4.85,4.85,50983.5,1632031,8539
2022Q1,AT,AT,HR,HR,5,6.8,0.025,0.74,0.74,3601.8,82616,8314
2022Q1,BE,BE,HR,HR,14,8,0.012,6.64,6.64,3602.4,82616,11352.3
2022Q1,DE,DE,HR,HR,18,8,0.047,4.94,4.94,4130.8,86799,78492.2
2022Q1,FR,FR,HR,HR,14,8.2,0.029,2.99,2.99,3602.9,82617,47541.3
2022Q1,HR,HR,HR,HR,4,4.7,0.159,0.65,0.65,4093.2,87712,4091.3
2022Q1,HU,HU,HR,HR,6,7.8,0.029,0.47,0.47,4086.4,87663,7067.1
2022Q1,NL,NL,HR,HR,13,7.8,0.034,7.36,7.36,3602.2,82617,15856.3
2022Q1,SK,SK,HR,HR,4,6.3,0.013,0.21,0.21,3540.6,73878,3475.2
2022Q1,PL,PL,HR,HR,6,9,0.026,1.83,1.83,2919,67077,33424.9
2022Q1,SI,SI,HR,HR,5,7.9,0.036,0.23,0.23,2230.7,53192,1805.5
2022Q1,BG,BG,HR,HR,6,9.7,0.003,0.28,0.28,2773.3,51497,4802.6
2022Q1,CZ,CZ,HR,HR,7,8.8,NA,3.11,3.11,2772.7,51497,6605.9
2022Q1,DK,DK,HR,HR,9,8.6,0.021,3.92,3.92,2857.6,58338,5670.5
2022Q1,EE,EE,HR,HR,4,9.5,NA,1.36,1.36,2772.4,51498,1166.4
2022Q1,GR,GR,HR,HR,8,10.2,0.003,1.41,1.41,2772.5,51498,7131.3
2022Q1,ES,ES,HR,HR,12,9.5,0.003,1.89,1.89,2858.4,58339,38912.9
2022Q1,FI,FI,HR,HR,12,10,0.001,1.22,1.22,2990.6,52923,2043.3
2022Q1,IE,IE,HR,HR,6,9.2,0.011,2.56,2.56,2773.3,51498,3806.4
2022Q1,IT,IT,HR,HR,13,8.9,0.012,2.24,2.24,3075.3,59764,50655.7
2022Q1,LT,LT,HR,HR,7,10.3,NA,0.92,0.92,2772.2,51499,2108.8
2022Q1,LU,LU,HR,HR,9,8.1,0.004,3.83,3.83,2989.7,52925,590.7
2022Q1,LV,LV,HR,HR,5,10.6,NA,0.94,0.94,2772,51498,1950.5
2022Q1,PT,PT,HR,HR,9,10.2,NA,2.68,2.68,2772.4,51498,9340.5
2022Q1,RO,RO,HR,HR,5,10.6,NA,1.12,1.12,2772.4,51498,10950.7
2022Q1,SE,SE,HR,HR,12,9.1,0.015,3.27,3.27,3075.8,59764,7239.7
2022Q1,GB,GB,HR,HR,11,8.7,0.021,4.77,4.77,2857.4,58340,64276.8
2022Q1,CY,CY,HR,HR,5,11.4,NA,1.08,1.08,2021.8,24686,854.8
2022Q1,MT,MT,HR,HR,4,5.9,0.003,0.17,0.17,2021.7,24686,460.3
2022Q1,AT,AT,HU,HU,9,7.9,0.15,0.83,0.83,7593.6,84542,8776.3
2022Q1,BE,BE,HU,HU,18,7.9,0.119,9.11,9.11,8138.8,85566,11351.8
2022Q1,BG,BG,HU,HU,10,8,0.116,0.29,0.31,7575.7,82641,4952.8
2022Q1,CY,CY,HU,HU,7,9.8,0.022,0.92,0.92,6046.4,72600,854.9
2022Q1,CZ,CZ,HU,HU,11,8.1,0.046,1.04,1.04,8468.5,90502,8183
2022Q1,DE,DE,HU,HU,27,8.1,0.274,5.43,5.43,9797.7,98922,79280.3
2022Q1,DK,DK,HU,HU,11,8.9,0.031,2.46,2.46,6701.2,76681,5670.5
2022Q1,EE,EE,HU,HU,9,10.1,0.071,2.94,2.97,6701.2,76681,1166.2
2022Q1,GR,GR,HU,HU,11,7.6,0.027,0.64,0.64,6921.2,78561,9042
2022Q1,ES,ES,HU,HU,17,9.5,0.094,2.78,2.78,7575.7,82640,42846.5
2022Q1,FI,FI,HU,HU,16,8.5,0.175,0.56,0.56,6701.5,76681,3993.8
2022Q1,FR,FR,HU,HU,23,8.3,0.169,3.7,3.7,9031.4,93427,49015.9
2022Q1,HR,HR,HU,HU,6,8.1,0.158,0.7,0.7,7066.4,79156,4085.1
2022Q1,IE,IE,HU,HU,8,9,0.096,3.72,3.72,6700.7,76681,3806.2
2022Q1,IT,IT,HU,HU,17,8.6,0.096,3.14,3.14,8470,90503,55448.9
2022Q1,LT,LT,HU,HU,12,10.2,0.003,1.62,1.64,6701.1,76680,2353
2022Q1,LU,LU,HU,HU,10,7.7,0.041,2.97,2.97,6701.7,76680,590.7
2022Q1,LV,LV,HU,HU,9,8.3,0.027,1.09,1.11,6701.6,76681,1950.4
2022Q1,MT,MT,HU,HU,5,6,0.012,0.51,0.51,6701.3,76681,460.4
2022Q1,NL,NL,HU,HU,15,7.9,0.252,8.82,8.82,8137.8,85566,15856.4
2022Q1,PL,PL,HU,HU,8,8,0.487,1.61,1.61,6701.7,76681,36415.9
2022Q1,PT,PT,HU,HU,16,10.2,0.039,4.06,4.06,6701.2,76681,9483
2022Q1,RO,RO,HU,HU,11,8.6,0.122,0.54,0.54,8138.1,85567,13831.9
2022Q1,SE,SE,HU,HU,18,9.5,0.04,3.1,3.1,6700.9,76681,8539
2022Q1,SI,SI,HU,HU,7,9.2,0.087,1.28,1.3,7959.7,87018,2066.7
2022Q1,GB,GB,HU,HU,22,8.6,0.368,7.37,7.37,9031,93428,64537.9
2022Q1,SK,SK,HU,HU,3,5.8,0.091,0.13,0.13,4531.7,34860,3475.2
2022Q1,HU,HU,HU,HU,4,8.6,0.179,0.04,0.04,3284.2,24463,4029.1
2022Q1,AT,AT,IE,IE,10,9.1,0.15,4.07,4.07,3806.6,139397,8726.2
2022Q1,BE,BE,IE,IE,9,7.8,0.653,7.47,7.47,3806.6,139397,11354.2
2022Q1,BG,BG,IE,IE,9,10.5,0.045,1.02,1.02,3806.5,139397,4880.9
2022Q1,CY,CY,IE,IE,4,12.5,NA,1.98,1.98,3806.2,139397,854.8
2022Q1,CZ,CZ,IE,IE,7,8.8,0.063,3.57,3.57,3806.1,139397,6605.6
2022Q1,DE,DE,IE,IE,12,8.6,0.393,7.36,7.36,3806.2,139397,78359.5
2022Q1,DK,DK,IE,IE,4,8.8,0.182,4.42,4.42,3806.6,139397,5669.4
2022Q1,EE,EE,IE,IE,7,10.4,NA,2.44,2.44,3806.4,139397,1166.3
2022Q1,GR,GR,IE,IE,8,11.1,0.012,2.11,2.11,3806.1,139397,7306.6
2022Q1,ES,ES,IE,IE,11,8.9,0.384,3.79,3.79,4254.8,167997,41845.6
2022Q1,FI,FI,IE,IE,8,9.5,0.09,1.55,1.55,3806.6,139398,2988
2022Q1,FR,FR,IE,IE,14,7.9,0.386,4.13,4.13,3806.4,139398,48019.1
2022Q1,HR,HR,IE,IE,7,9.4,0.066,1.92,1.92,3806.5,139397,2021.8
2022Q1,HU,HU,IE,IE,8,9.3,0.252,4.07,4.07,3806.3,139397,6700.6
2022Q1,IT,IT,IE,IE,9,9.2,0.511,5.67,5.67,4255,167997,53645.9
2022Q1,LT,LT,IE,IE,8,9.6,0.075,1.92,1.92,3806.5,139397,2352.8
2022Q1,LU,LU,IE,IE,6,8.3,0.024,3.84,3.84,3806.6,139397,590.7
2022Q1,LV,LV,IE,IE,8,10.1,0.16,2.77,2.77,3806.4,139398,1950.3
2022Q1,MT,MT,IE,IE,4,9.5,0.03,1.77,1.77,3806.5,139398,460.3
2022Q1,NL,NL,IE,IE,8,6.9,1.44,12.87,12.87,3806.5,139397,15854
2022Q1,PL,PL,IE,IE,10,9.7,0.193,2.97,2.97,3806,139397,39062.1
2022Q1,PT,PT,IE,IE,10,8.2,0.554,3.47,3.47,3806.2,139398,9476.4
2022Q1,RO,RO,IE,IE,8,10.5,0.064,1.56,1.56,3806.1,139397,13045.9
2022Q1,SE,SE,IE,IE,5,9.2,0.179,3.14,3.14,3806.4,139397,8480.6
2022Q1,SI,SI,IE,IE,7,9.7,0.066,1.86,1.86,3806,139397,2066.9
2022Q1,SK,SK,IE,IE,8,9.2,0.166,1.85,1.85,3806.1,139397,4744.7
2022Q1,GB,GB,IE,IE,9,5.4,8.164,11,11,4781.6,178570,65886.6
2022Q1,IE,IE,IE,IE,1,4.7,0.423,0.31,0.31,3509.6,133301,3509.8
2022Q1,AT,AT,IT,IT,15,7.7,0.334,3.35,3.35,56230.6,1467586,8774
2022Q1,BE,BE,IT,IT,26,7.6,0.393,11.41,11.41,59339.3,1565211,11354.7
2022Q1,BG,BG,IT,IT,20,9.6,0.026,2.23,2.23,57468.7,1495218,5043.4
2022Q1,CY,CY,IT,IT,7,11.8,0.012,1.88,1.88,35484.6,1113767,854.9
2022Q1,CZ,CZ,IT,IT,15,8.7,0.047,4.45,4.45,54999.2,1461723,6605.6
2022Q1,DE,DE,IT,IT,42,7.9,0.732,8.21,8.21,59735.8,1576276,78640.3
2022Q1,DK,DK,IT,IT,20,8.9,0.149,7.39,7.39,53692.8,1436366,5669.4
2022Q1,EE,EE,IT,IT,13,10.1,0.007,3.47,3.47,53645.9,1424460,1166.3
2022Q1,GR,GR,IT,IT,16,9.5,0.132,2.67,2.67,55430.3,1454792,9561.9
2022Q1,ES,ES,IT,IT,26,8.2,0.798,3.98,3.98,57569.1,1518346,46023.6
2022Q1,FI,FI,IT,IT,20,9.7,0.545,2.85,2.85,53165.8,1417132,3993.3
2022Q1,FR,FR,IT,IT,35,7.5,1.13,5.23,5.23,59335.4,1565216,52985.9
2022Q1,HR,HR,IT,IT,13,8.5,0.12,2.25,2.25,54958.2,1447466,2990.2
2022Q1,HU,HU,IT,IT,16,8.5,0.115,3.08,3.08,55445.1,1469113,7576.5
2022Q1,IE,IE,IT,IT,10,8.7,0.201,5.4,5.4,51135.8,1360438,4254.5
2022Q1,IT,IT,IT,IT,29,5.8,1.913,4.53,4.53,59304.2,1555577,59822.6
2022Q1,LT,LT,IT,IT,11,9.8,0.018,2,2,49211.7,1316881,2352.7
2022Q1,LU,LU,IT,IT,10,7.2,0.34,5.18,5.18,55658.9,1446988,590.7
2022Q1,LV,LV,IT,IT,15,10.3,0.019,3.62,3.62,54444.7,1437244,1950.7
2022Q1,MT,MT,IT,IT,14,7.2,0.035,1.9,1.9,58113.1,1516928,460.5
2022Q1,NL,NL,IT,IT,24,7.5,0.771,14.43,14.43,59656.5,1572089,15856.3
2022Q1,PL,PL,IT,IT,16,9.2,0.147,3.45,3.45,54986.2,1475223,39101.1
2022Q1,PT,PT,IT,IT,14,9.2,0.429,6.17,6.17,57573.2,1518347,9646.9
2022Q1,RO,RO,IT,IT,19,8.8,0.048,1.7,1.7,57470.2,1495217,17782.9
2022Q1,SE,SE,IT,IT,22,9.4,0.101,5.84,5.84,53687.5,1436361,8538.3
2022Q1,SI,SI,IT,IT,14,9,0.112,3.15,3.15,55580.4,1467185,2066.5
2022Q1,SK,SK,IT,IT,10,7.7,0.325,1.42,1.42,54442,1437246,4745.1
2022Q1,GB,GB,IT,IT,31,8.2,1.14,10.43,10.43,58996.1,1546319,65884.5
2022Q1,BE,BE,LT,LT,12,8.8,0.004,5.1,5.1,2352.4,26729,11353.1
2022Q1,DE,DE,LT,LT,13,9,0.009,3.17,3.17,2352.6,26729,78501.6
2022Q1,DK,DK,LT,LT,5,7.5,0.026,2.87,2.87,2352.7,26729,5670.2
2022Q1,ES,ES,LT,LT,12,10.4,0.001,1.01,1.01,2352.4,26728,33013.6
2022Q1,FI,FI,LT,LT,6,5.8,0.073,0.87,0.87,2352.9,26728,2988.2
2022Q1,HU,HU,LT,LT,11,9.9,0.001,2.35,2.35,2353.2,26728,6046.4
2022Q1,IE,IE,LT,LT,7,9.1,0.013,1.46,1.46,2352.6,26728,3806.4
2022Q1,IT,IT,LT,LT,13,9.8,0.008,1.94,1.94,2352.9,26728,47762.2
2022Q1,LV,LV,LT,LT,2,4.8,0.07,1.3,1.3,2352.5,26728,1950.6
2022Q1,NL,NL,LT,LT,12,8.9,0.013,6,6,2352.7,26729,15855.7
2022Q1,SE,SE,LT,LT,10,7.8,0.02,1.96,1.96,2352.9,26729,8539
2022Q1,GB,GB,LT,LT,14,8.8,0.032,3.98,3.98,2352.9,26729,58879.9
2022Q1,AT,AT,LT,LT,10,9.2,0.004,1.1,1.1,2108.8,25047,8724.4
2022Q1,BG,BG,LT,LT,7,10.9,NA,0.6,0.6,1650.3,19935,3393.9
2022Q1,CY,CY,LT,LT,2,10.9,NA,0.44,0.44,2108.8,25047,854.9
2022Q1,CZ,CZ,LT,LT,7,9.6,NA,1.88,1.88,2108.6,25047,6606.1
2022Q1,EE,EE,LT,LT,3,7.3,0.014,2.36,2.36,2108.8,25046,1166.4
2022Q1,GR,GR,LT,LT,8,11,NA,1.13,1.13,1650.5,19935,6544.9
2022Q1,FR,FR,LT,LT,12,9.3,0.003,1.62,1.62,2108.6,25046,43988.7
2022Q1,HR,HR,LT,LT,6,9.8,NA,1.31,1.31,2108.6,25046,2772.7
2022Q1,LT,LT,LT,LT,1,6.8,NA,0.03,0.03,1538.6,18969,1538.6
2022Q1,LU,LU,LT,LT,6,8.5,0.002,2.21,2.21,2108.8,25046,590.7
2022Q1,MT,MT,LT,LT,3,10.5,0.002,0.83,0.83,1650.5,19935,460.4
2022Q1,PL,PL,LT,LT,6,8.6,0.183,1.78,1.78,2109,25046,34623.8
2022Q1,PT,PT,LT,LT,9,11.3,0,1.98,1.98,1650.4,19935,9339.5
2022Q1,RO,RO,LT,LT,6,10.8,NA,0.79,0.79,1650.4,19935,10950
2022Q1,SI,SI,LT,LT,6,10.5,NA,0.94,0.94,2108.7,25046,2067
2022Q1,SK,SK,LT,LT,4,8.6,0.004,0.35,0.35,2108.8,25046,1203.2
2022Q1,DE,DE,LU,LU,9,6.8,0.023,4.11,4.11,590.8,42848,59652.3
2022Q1,FR,FR,LU,LU,13,6.6,0.034,2.34,2.34,590.7,42848,43733.9
2022Q1,BG,BG,LU,LU,12,9.5,0.001,2.31,2.31,590.8,42848,4801.8
2022Q1,GR,GR,LU,LU,9,8.8,0.002,3.4,3.4,590.7,42848,8167.7
2022Q1,ES,ES,LU,LU,7,8.1,0.009,2.29,2.29,590.7,42848,33433
2022Q1,HR,HR,LU,LU,7,7.7,0.001,3.32,3.32,590.7,42848,2990.9
2022Q1,HU,HU,LU,LU,8,7.5,0.005,2.62,2.62,590.7,42848,6701.6
2022Q1,IE,IE,LU,LU,6,7.1,0.006,4.15,4.15,590.7,42848,3806.3
2022Q1,IT,IT,LU,LU,12,7.1,0.026,5.26,5.26,590.7,42848,57474.1
2022Q1,LT,LT,LU,LU,6,9.4,0.001,1.69,1.69,590.7,42848,2108.7
2022Q1,LV,LV,LU,LU,5,9.4,0.001,2.09,2.09,590.8,42848,1950.6
2022Q1,PT,PT,LU,LU,9,7.3,0.029,6.91,6.91,590.7,42848,9476.5
2022Q1,RO,RO,LU,LU,9,9.3,0.002,2.33,2.33,590.7,42848,10950.6
2022Q1,SI,SI,LU,LU,9,8.4,0.001,3.49,3.49,590.8,42848,2065.9
2022Q1,AT,AT,LU,LU,8,6.7,0.021,3.37,3.37,590.7,42848,8775.8
2022Q1,CY,CY,LU,LU,4,10.9,NA,1.29,1.29,590.7,42848,854.9
2022Q1,CZ,CZ,LU,LU,7,8.1,NA,4.44,4.44,590.7,42848,6605.7
2022Q1,DK,DK,LU,LU,5,7.3,0.018,5.47,5.47,590.7,42848,5670.2
2022Q1,EE,EE,LU,LU,4,9.4,NA,2.28,2.28,590.7,42848,1166.4
2022Q1,FI,FI,LU,LU,6,8.4,0.002,1.93,1.93,590.7,42848,2043.1
2022Q1,MT,MT,LU,LU,3,8.1,0.002,1.57,1.57,590.7,42848,460.3
2022Q1,NL,NL,LU,LU,2,4.3,0.064,2,2,590.8,42848,12567.2
2022Q1,PL,PL,LU,LU,6,8.4,0.005,3.96,3.96,590.7,42848,35540.3
2022Q1,SE,SE,LU,LU,7,7.8,0.011,4.36,4.36,590.7,42848,7239.5
2022Q1,SK,SK,LU,LU,4,7.1,0.038,1.5,1.5,590.8,42848,3475
2022Q1,GB,GB,LU,LU,7,6.9,0.082,6.44,6.44,590.7,42848,65329.4
2022Q1,BE,BE,LU,LU,1,5,0,0.01,0.01,590.7,42848,807.7
2022Q1,AT,AT,LV,LV,10,8.4,0.027,1.52,1.52,1950.5,20182,8776
2022Q1,BE,BE,LV,LV,7,8.6,0.014,5.38,5.38,1950.5,20182,11354
2022Q1,CY,CY,LV,LV,2,9.5,0.003,0.39,0.39,1950.4,20183,854.9
2022Q1,CZ,CZ,LV,LV,6,8.7,0.003,0.74,0.74,1950.5,20182,6605.8
2022Q1,DE,DE,LV,LV,13,8.8,0.026,3.47,3.47,1950.7,20183,78486.3
2022Q1,DK,DK,LV,LV,4,7.5,0.02,2.03,2.03,1950.3,20182,5670
2022Q1,EE,EE,LV,LV,2,4.9,0.133,1.74,1.74,1950.2,20183,1166.5
2022Q1,ES,ES,LV,LV,13,10.6,0.005,2,2,1950.4,20182,40263.2
2022Q1,FI,FI,LV,LV,5,5.1,0.097,1.52,1.52,1950.6,20182,3685.6
2022Q1,FR,FR,LV,LV,13,9.8,0.039,2.89,2.89,1950.4,20182,47544.2
2022Q1,HR,HR,LV,LV,8,10.2,NA,1.32,1.32,1950.2,20183,2020.9
2022Q1,HU,HU,LV,LV,11,8.6,0.012,0.96,0.96,1950.7,20182,6700.6
2022Q1,IE,IE,LV,LV,8,9.2,0.032,2.42,2.42,1950.2,20182,3806.2
2022Q1,IT,IT,LV,LV,17,10.2,0.011,3.52,3.52,1950.2,20182,56235.5
2022Q1,LT,LT,LV,LV,2,4.8,0.11,1.45,1.45,1950.5,20182,2352.8
2022Q1,LU,LU,LV,LV,4,9,0.003,1.86,1.86,1950.3,20182,590.7
2022Q1,LV,LV,LV,LV,1,7.3,0.013,0.04,0.04,708.5,5395,708.5
2022Q1,NL,NL,LV,LV,7,8.3,0.104,4.81,4.81,1950.4,20183,15856.7
2022Q1,PL,PL,LV,LV,9,8.8,0.011,1.17,1.17,1950.3,20182,39104.4
2022Q1,SE,SE,LV,LV,4,6.6,0.025,1.27,1.27,1950.3,20182,7798.2
2022Q1,SI,SI,LV,LV,10,10.2,NA,1.73,1.73,1950.6,20182,2066
2022Q1,SK,SK,LV,LV,5,8.5,0.031,0.62,0.62,1950.3,20182,3475.1
2022Q1,GB,GB,LV,LV,14,9.1,0.054,4.7,4.7,1950.1,20182,60768.1
2022Q1,BG,BG,LV,LV,9,10.9,0.001,1.33,1.33,1703.8,17839,4803
2022Q1,GR,GR,LV,LV,9,11.6,NA,2.14,2.14,1704,17839,6546
2022Q1,MT,MT,LV,LV,4,10,0.003,1.25,1.25,1704.1,17839,460.4
2022Q1,PT,PT,LV,LV,7,10.7,0.003,4.61,4.61,1703.8,17839,9533.5
2022Q1,RO,RO,LV,LV,7,11.3,NA,1.52,1.52,1703.8,17839,10949.8
2022Q1,AT,AT,MT,MT,8,7.6,0.008,1.18,1.18,460.4,6631,8118
2022Q1,BE,BE,MT,MT,9,8.3,0.01,5.31,5.31,460.3,6631,11353.9
2022Q1,BG,BG,MT,MT,6,9.9,0.002,0.75,0.75,460.3,6631,3543.6
2022Q1,CY,CY,MT,MT,2,7.5,0.007,0.71,0.71,460.5,6631,854.8
2022Q1,CZ,CZ,MT,MT,6,9.5,NA,1.9,1.9,460.4,6631,6605.9
2022Q1,DE,DE,MT,MT,11,8.9,0.019,4.08,4.08,460.4,6631,77471.9
2022Q1,DK,DK,MT,MT,7,9.8,0.003,2.98,2.98,460.4,6631,5670.2
2022Q1,EE,EE,MT,MT,4,10.6,0.001,1.52,1.52,460.4,6631,1166.2
2022Q1,GR,GR,MT,MT,3,5.9,0.002,0.42,0.42,460.3,6631,8783.4
2022Q1,ES,ES,MT,MT,8,8.2,0.012,0.56,0.56,460.3,6631,33013.9
2022Q1,FI,FI,MT,MT,7,10.7,NA,1.12,1.12,460.5,6631,2043.2
2022Q1,FR,FR,MT,MT,11,8.4,0.01,1.88,1.88,460.4,6631,47465.2
2022Q1,HR,HR,MT,MT,3,6.6,0.001,0.22,0.22,460.5,6631,2771.9
2022Q1,HU,HU,MT,MT,5,6.8,0.005,0.71,0.71,460.3,6631,6047
2022Q1,IE,IE,MT,MT,7,9.4,0.007,1.94,1.94,460.4,6631,3806.1
2022Q1,IT,IT,MT,MT,12,7.1,0.013,2.14,2.14,460.4,6631,58116.5
2022Q1,LT,LT,MT,MT,4,10,0.003,0.66,0.66,460.4,6631,1650.5
2022Q1,LU,LU,MT,MT,3,8,0.003,1.29,1.29,460.4,6631,590.7
2022Q1,LV,LV,MT,MT,3,10.1,0.003,1.62,1.62,460.5,6631,1703.9
2022Q1,NL,NL,MT,MT,10,8.7,0.013,5.43,5.43,460.4,6631,15854.9
2022Q1,PL,PL,MT,MT,4,8.7,0.005,1.15,1.15,460.4,6631,29705.2
2022Q1,PT,PT,MT,MT,2,6.1,0.003,0.24,0.24,460.5,6631,8898.9
2022Q1,RO,RO,MT,MT,4,7.7,0.002,0.35,0.35,460.3,6631,9775.8
2022Q1,SE,SE,MT,MT,8,10.4,NA,2.32,2.32,460.5,6631,7239.6
2022Q1,SI,SI,MT,MT,8,8.9,0.001,2.1,2.1,460.5,6631,2066
2022Q1,SK,SK,MT,MT,3,6.5,0.007,0.45,0.45,460.4,6631,3124.6
2022Q1,GB,GB,MT,MT,11,8.5,0.024,4.13,4.13,460.3,6631,61803.9
2022Q1,ES,ES,NL,NL,26,8.3,5.222,13.66,13.66,17094,631801,45935.5
2022Q1,NL,NL,NL,NL,3,5.2,11.884,0.23,0.23,17096.7,631800,17094.7
2022Q1,AT,AT,NL,NL,20,7.1,2.955,10.1,10.1,15855.5,562279,8774.8
2022Q1,BE,BE,NL,NL,2,5.3,11.837,0.28,0.28,12565.1,450003,11354.6
2022Q1,BG,BG,NL,NL,23,9.6,0.519,4.7,4.7,15857.1,562280,7014.4
2022Q1,CY,CY,NL,NL,8,11.5,0.124,5.6,5.6,15855.5,562281,854.8
2022Q1,CZ,CZ,NL,NL,10,7.4,3.844,6.45,6.45,15855.6,562279,6605.9
2022Q1,DE,DE,NL,NL,28,6.6,9.256,7.97,7.97,15855.4,562280,78382.8
2022Q1,DK,DK,NL,NL,16,6.4,10.604,10.21,10.21,15854.3,562279,5675.3
2022Q1,EE,EE,NL,NL,10,9,0.658,7.93,7.93,15857.3,562280,1166.5
2022Q1,GR,GR,NL,NL,18,9.5,1.322,9.19,9.19,15855.4,562281,9545.9
2022Q1,FI,FI,NL,NL,16,7.9,2.889,4.3,4.3,15856.4,562278,4058.9
2022Q1,FR,FR,NL,NL,23,6.8,7.921,6.93,6.93,15856.9,562281,54824.3
2022Q1,HR,HR,NL,NL,12,7.8,1.153,6.54,6.54,15854.3,562281,3074.4
2022Q1,HU,HU,NL,NL,15,8,2.368,8.32,8.32,15855.3,562280,9030.7
2022Q1,IE,IE,NL,NL,8,6.6,9.874,12.01,12.01,15855.3,562279,3806.4
2022Q1,IT,IT,NL,NL,24,7.8,5,14.28,14.28,15856,562279,59835.6
2022Q1,LT,LT,NL,NL,13,8.6,0.387,5.29,5.29,15856.6,562280,2353.2
2022Q1,LU,LU,NL,NL,2,4.5,1.946,1.97,1.97,12567.8,450003,590.7
2022Q1,LV,LV,NL,NL,9,8.9,1.668,4.78,4.78,15857.2,562280,1950.4
2022Q1,MT,MT,NL,NL,11,9.3,0.185,5.32,5.32,15853.8,562281,460.4
2022Q1,PL,PL,NL,NL,14,8.3,3.093,7.84,7.84,15856.8,562278,36412.5
2022Q1,PT,PT,NL,NL,20,8.8,2.256,15.31,15.31,15853.8,562280,9885.1
2022Q1,RO,RO,NL,NL,16,9.2,2.009,5.83,5.83,15854.8,562278,15475.6
2022Q1,SE,SE,NL,NL,18,7.2,10.551,7.66,7.66,15855.1,562280,8539.4
2022Q1,SI,SI,NL,NL,13,8.6,0.746,7.04,7.04,15857,562278,2066.8
2022Q1,SK,SK,NL,NL,10,7.7,2.576,4.14,4.14,15854.9,562281,4744.8
2022Q1,GB,GB,NL,NL,21,6,14.547,15.17,15.17,15855.2,562281,66253.3
2022Q1,IE,IE,PL,PL,9,9.1,0.026,2.84,2.84,39065.1,354919,3806.1
2022Q1,GB,GB,PL,PL,18,8.7,0.105,6.47,6.47,39065.1,354917,65873.4
2022Q1,AT,AT,PL,PL,13,8.4,0.14,2.4,2.4,38556.3,351040,8774.6
2022Q1,BE,BE,PL,PL,16,8.4,0.172,9.91,9.91,36415,332302,11353.4
2022Q1,BG,BG,PL,PL,8,9.8,0.172,1.31,1.31,38228.3,347889,4954.4
2022Q1,CY,CY,PL,PL,6,11.1,0.005,0.86,0.86,29374.5,281836,854.8
2022Q1,CZ,CZ,PL,PL,7,8.5,0.52,1.76,1.76,37929.8,345976,7115.3
2022Q1,DE,DE,PL,PL,19,8.4,0.128,5.71,5.71,39098.8,354443,78369.2
2022Q1,DK,DK,PL,PL,8,7.6,0.101,2.19,2.19,39103.6,354447,5670.2
2022Q1,EE,EE,PL,PL,6,9.6,0.161,3.07,3.07,37601.2,342827,1166.4
2022Q1,GR,GR,PL,PL,8,9.7,0.007,0.96,0.96,34950,324106,8502.9
2022Q1,ES,ES,PL,PL,21,9.9,0.018,2.52,2.52,38478.3,349378,36973
2022Q1,FI,FI,PL,PL,11,7.6,0.367,0.7,0.7,36413.9,332300,3685.4
2022Q1,FR,FR,PL,PL,19,8.9,0.177,3.73,3.73,38556.7,351044,49498
2022Q1,HR,HR,PL,PL,7,8.7,0.064,2.01,2.01,37603.7,342826,3386.2
2022Q1,HU,HU,PL,PL,12,8.2,0.571,1.75,1.75,38478.9,349383,6701.7
2022Q1,IT,IT,PL,PL,15,9,0.079,3.32,3.32,39105,354447,55779.1
2022Q1,LT,LT,PL,PL,5,8.6,0.405,2.05,2.05,38224.8,347887,2108.7
2022Q1,LU,LU,PL,PL,6,8.4,0.013,4.27,4.27,35539.9,325749,590.7
2022Q1,LV,LV,PL,PL,10,8.6,0.012,1.19,1.19,35498.2,327508,1950.6
2022Q1,MT,MT,PL,PL,5,8.4,0.006,0.97,0.97,29703.7,284990,460.4
2022Q1,NL,NL,PL,PL,16,8.2,0.291,8.56,8.56,36417.1,332303,15854.6
2022Q1,PL,PL,PL,PL,6,6.7,0.573,1.47,1.47,38230.1,347888,38224
2022Q1,PT,PT,PL,PL,12,10.7,0.028,3.52,3.52,35387.3,324309,9476.7
2022Q1,RO,RO,PL,PL,6,10,0.381,1.28,1.28,38229.4,347891,10951.1
2022Q1,SE,SE,PL,PL,10,8.2,0.088,1.73,1.73,39098.9,354443,8188.6
2022Q1,SI,SI,PL,PL,7,9.4,0.049,2.17,2.17,38224.7,347893,2066.7
2022Q1,SK,SK,PL,PL,7,8.1,0.126,0.86,0.86,35870.7,328896,4745.2
2022Q1,AT,AT,PT,PT,16,9.8,0.222,5.4,5.4,9643,160741,8775.5
2022Q1,BE,BE,PT,PT,20,8.6,0.533,15.26,15.26,9641.4,160742,11354.3
2022Q1,BG,BG,PT,PT,14,12.2,0.017,1.94,1.94,9340.1,156292,4802.7
2022Q1,CZ,CZ,PT,PT,12,10.1,0.208,5.22,5.22,9641.9,160740,6606.1
2022Q1,DE,DE,PT,PT,25,9.5,0.478,12.46,12.46,9641.8,160740,78499.2
2022Q1,DK,DK,PT,PT,17,9.9,0.23,7.15,7.15,9862.2,164877,5669.2
2022Q1,GR,GR,PT,PT,12,11.1,0.069,3.88,3.88,9448.4,157824,7914.7
2022Q1,ES,ES,PT,PT,18,6.3,0.911,4.45,4.45,9755.3,162410,44947.8
2022Q1,FI,FI,PT,PT,18,11.1,0.206,3,3,9476.4,158359,2988.4
2022Q1,FR,FR,PT,PT,23,7.6,1.015,7.08,7.08,9672,161185,57273.5
2022Q1,HR,HR,PT,PT,12,10,NA,3.53,3.53,9339.2,156292,2856.5
2022Q1,HU,HU,PT,PT,17,10.3,0.047,4.85,4.85,9643.1,160740,6701.5
2022Q1,IE,IE,PT,PT,9,8.6,0.626,4.14,4.14,9533.5,159208,3806
2022Q1,IT,IT,PT,PT,17,9.6,0.419,6.93,6.93,9641.5,160740,57569.4
2022Q1,LV,LV,PT,PT,9,12,0.017,4.17,4.17,9586.5,159892,1950.2
2022Q1,MT,MT,PT,PT,3,7.8,0.01,0.38,0.38,9078.1,151255,460.4
2022Q1,NL,NL,PT,PT,19,8.8,0.463,17.69,17.69,9642.3,160741,15855
2022Q1,PT,PT,PT,PT,14,5.4,1.41,1.72,1.72,10112.6,166911,10005.2
2022Q1,RO,RO,PT,PT,12,11.9,0.017,2.1,2.1,9339.5,156292,10950.3
2022Q1,SE,SE,PT,PT,20,10.4,0.197,5.71,5.71,9855.1,164772,8481.3
2022Q1,SK,SK,PT,PT,12,10.2,0.195,2.1,2.1,9642.4,160740,3475.3
2022Q1,GB,GB,PT,PT,18,8.2,2.416,8.39,8.39,9642.2,160742,66353.3
2022Q1,CY,CY,PT,PT,5,13.2,NA,2.08,2.08,9339,156291,854.9
2022Q1,EE,EE,PT,PT,9,11.3,NA,3.24,3.24,9340.5,156291,1166.4
2022Q1,LT,LT,PT,PT,9,11.4,0,1.46,1.46,9339.1,156292,2108.6
2022Q1,LU,LU,PT,PT,9,7.7,0.052,8.08,8.08,9533.6,159207,590.7
2022Q1,PL,PL,PT,PT,15,10.8,0.057,4.01,4.01,9477.1,158358,37063
2022Q1,SI,SI,PT,PT,12,10.4,NA,3.3,3.3,9339.7,156292,2066.5
2022Q1,BE,BE,RO,RO,18,8.9,0.056,5.48,5.48,16360.4,114669,11352.6
2022Q1,DE,DE,RO,RO,20,9,0.066,3.17,3.17,17673.6,120880,78506.7
2022Q1,FR,FR,RO,RO,17,9.2,0.132,1.86,1.86,16826.4,116724,47542.6
2022Q1,NL,NL,RO,RO,17,9,0.177,5.76,5.76,17671.9,120882,15856.5
2022Q1,RO,RO,RO,RO,5,5.4,0.174,0.53,0.53,13055.4,95572,11878.3
2022Q1,GB,GB,RO,RO,18,9.4,0.15,3.37,3.37,19181.7,129306,65878.4
2022Q1,BG,BG,RO,RO,9,6.3,0.019,0.17,0.17,14731.1,107152,3543.9
2022Q1,CZ,CZ,RO,RO,6,9,0.012,1.13,1.13,12534.3,95177,6606.3
2022Q1,GR,GR,RO,RO,7,7.6,0.026,0.6,0.6,14730.2,107151,8521.5
2022Q1,ES,ES,RO,RO,15,10.1,0.028,1.2,1.2,14730.3,107153,37462
2022Q1,IT,IT,RO,RO,16,8.1,0.056,1.39,1.39,17781.2,122549,56671.3
2022Q1,AT,AT,RO,RO,11,7.7,0.135,0.91,0.91,13994.7,103632,8724.3
2022Q1,CY,CY,RO,RO,4,8.2,0.027,0.49,0.49,9776,82452,854.8
2022Q1,DK,DK,RO,RO,8,9.7,0.01,1.92,1.92,12128.2,95625,5669.9
2022Q1,EE,EE,RO,RO,5,11.1,NA,1.13,1.13,10453.3,84046,1166.4
2022Q1,FI,FI,RO,RO,6,9.2,0.012,0.13,0.13,12127.9,95626,2043.4
2022Q1,HR,HR,RO,RO,6,9.8,NA,1.16,1.16,10949.3,87502,2772.9
2022Q1,HU,HU,RO,RO,11,7.9,0.096,0.47,0.47,13833,100163,8138
2022Q1,IE,IE,RO,RO,8,10,0.021,1.45,1.45,14223,105197,3806.3
2022Q1,LT,LT,RO,RO,5,11.2,NA,0.69,0.69,10949.9,87500,1650.3
2022Q1,LU,LU,RO,RO,9,8.9,0.004,2.25,2.25,10951,87500,590.7
2022Q1,LV,LV,RO,RO,5,11.5,NA,1.85,1.85,10949.3,87501,1703.8
2022Q1,PL,PL,RO,RO,6,9.5,0.272,1.2,1.2,12129,95627,38225.2
2022Q1,PT,PT,RO,RO,13,11.5,0.004,1.72,1.72,12128.9,95625,9340.2
2022Q1,SE,SE,RO,RO,10,9.8,0.011,1.13,1.13,12127.3,95626,7239.6
2022Q1,SI,SI,RO,RO,7,10.1,0.001,0.82,0.82,10951,87500,2066.4
2022Q1,SK,SK,RO,RO,5,6.6,0.138,0.31,0.31,11969.1,91350,1203.2
2022Q1,MT,MT,RO,RO,4,7.4,0.005,0.27,0.27,8565.8,69980,460.4
2022Q1,BG,BG,SE,SE,13,10.5,0.013,1.65,1.65,7239.8,287068,4953
2022Q1,HU,HU,SE,SE,17,9.7,0.102,3.25,3.25,8295.9,326135,6701.6
2022Q1,LT,LT,SE,SE,11,7.6,0.148,1.82,1.82,8296.7,326134,2352.7
2022Q1,PL,PL,SE,SE,10,7.8,0.219,1.54,1.54,8767.2,339767,36413.2
2022Q1,RO,RO,SE,SE,10,9.9,0.014,1.04,1.04,7240.2,287067,10950.6
2022Q1,GB,GB,SE,SE,16,8.4,1.061,6.66,6.66,9061.1,352765,65884.6
2022Q1,AT,AT,SE,SE,23,8.7,0.346,3.46,3.46,8539.1,334103,8774.9
2022Q1,BE,BE,SE,SE,14,8,0.22,7.52,7.52,8480.8,332258,11353.4
2022Q1,CY,CY,SE,SE,7,11.6,0.004,1.78,1.78,7240.3,287067,854.9
2022Q1,CZ,CZ,SE,SE,8,8.3,0.03,0.75,0.75,7239.6,287067,6605.9
2022Q1,DE,DE,SE,SE,30,8.5,1.046,6.55,6.55,8538.7,334104,78940
2022Q1,DK,DK,SE,SE,16,5.6,3.525,4.53,4.53,8760.3,341561,5716.2
2022Q1,EE,EE,SE,SE,7,7.8,0.485,4.82,4.82,7798.5,310379,1166.5
2022Q1,GR,GR,SE,SE,12,10.6,0.05,2.98,2.98,7239.8,287067,9465.4
2022Q1,ES,ES,SE,SE,25,9.9,0.125,3.98,3.98,9408.7,363939,41751.1
2022Q1,FI,FI,SE,SE,13,5.8,0.967,2.19,2.19,8397.7,332053,3361.4
2022Q1,FR,FR,SE,SE,25,8.6,0.785,5.07,5.07,8539.3,334103,47544.9
2022Q1,HR,HR,SE,SE,11,9.4,0.075,3.32,3.32,7240.3,287067,2989.9
2022Q1,IE,IE,SE,SE,5,8.7,0.203,2.42,2.42,8480.1,332258,3806
2022Q1,IT,IT,SE,SE,23,9.5,0.134,5.77,5.77,8480.8,332257,53688.4
2022Q1,LU,LU,SE,SE,6,8.3,0.096,4.39,4.39,7239.7,287068,590.7
2022Q1,LV,LV,SE,SE,4,6.5,0.095,1.2,1.2,7555.7,302411,1950.5
2022Q1,MT,MT,SE,SE,7,10.9,NA,2.17,2.17,7239.8,287067,460.5
2022Q1,NL,NL,SE,SE,15,7.4,1.565,8.36,8.36,8480.4,332257,15854.8
2022Q1,PT,PT,SE,SE,17,10.5,0.195,4.99,4.99,7239.7,287068,9564
2022Q1,SE,SE,SE,SE,12,5.2,2.365,4.3,4.3,9711.3,375154,9711.5
2022Q1,SI,SI,SE,SE,11,9.6,0.081,3.16,3.16,7240.4,287067,2066.4
2022Q1,SK,SK,SE,SE,13,8.8,0.303,1.3,1.3,8296.2,326135,4744.6
2022Q1,AT,AT,SI,SI,8,6.8,0.015,0.55,0.55,2066.1,36151,6909.9
2022Q1,BE,BE,SI,SI,15,8,0.006,6.83,6.83,2066.5,36150,11354.8
2022Q1,BG,BG,SI,SI,10,11.5,0.003,0.86,0.86,2067,36151,4801.8
2022Q1,CY,CY,SI,SI,5,11,NA,1.05,1.05,1948.5,34204,854.8
2022Q1,CZ,CZ,SI,SI,7,9.1,NA,2.79,2.79,2067,36151,6605.8
2022Q1,DE,DE,SI,SI,18,8.1,0.022,5.38,5.38,2066.6,36150,78498.6
2022Q1,DK,DK,SI,SI,10,9.1,0.021,3.89,3.89,2066.7,36151,5670.7
2022Q1,EE,EE,SI,SI,5,10,NA,1.84,1.84,2066.2,36151,1166.5
2022Q1,GR,GR,SI,SI,10,10.6,0.003,1.74,1.74,2066.3,36150,7131.2
2022Q1,ES,ES,SI,SI,11,9.8,0.001,1.58,1.58,2067,36150,36228.3
2022Q1,FI,FI,SI,SI,11,10.4,NA,1.07,1.07,2066.5,36150,2043.4
2022Q1,FR,FR,SI,SI,13,8.5,0.014,2.58,2.58,2066.7,36151,47541.5
2022Q1,HR,HR,SI,SI,5,7.7,0.208,0.2,0.2,1805.6,32647,2229.8
2022Q1,HU,HU,SI,SI,6,8.6,0.014,1.48,1.48,2066.5,36151,7066.8
2022Q1,IE,IE,SI,SI,7,10,0.012,1.3,1.3,2067.1,36150,3806.4
2022Q1,IT,IT,SI,SI,13,8.8,0.005,2.57,2.57,2066,36150,53077.8
2022Q1,LT,LT,SI,SI,7,10.2,NA,1.15,1.15,2066.6,36151,2108.7
2022Q1,LU,LU,SI,SI,10,8.2,0.007,3.33,3.33,2066.8,36151,590.8
2022Q1,LV,LV,SI,SI,7,11.1,NA,2.09,2.09,2066,36151,1950.5
2022Q1,MT,MT,SI,SI,6,9.8,0.001,1.48,1.48,2066,36150,460.4
2022Q1,NL,NL,SI,SI,14,8,0.014,7.03,7.03,2066.5,36150,15854.9
2022Q1,PL,PL,SI,SI,6,9.2,0.013,2.05,2.05,2066,36151,36115.4
2022Q1,PT,PT,SI,SI,10,10.9,NA,2.68,2.68,2066.4,36151,9340.4
2022Q1,RO,RO,SI,SI,9,10.7,0,1.01,1.01,2066.9,36151,12129.5
2022Q1,SE,SE,SI,SI,12,9.7,0.015,3.07,3.07,2066.2,36150,7240.1
2022Q1,SK,SK,SI,SI,3,6.2,0.015,0.25,0.25,2009,35630,3475.1
2022Q1,GB,GB,SI,SI,15,8.9,0.009,3.81,3.81,2066.4,36150,64280.4
2022Q1,AT,AT,SK,SK,7,6.3,0.279,0.39,0.4,4846.6,62281,7640
2022Q1,CZ,CZ,SK,SK,6,6.5,0.256,0.48,0.48,4846.6,62282,6972.9
2022Q1,DE,DE,SK,SK,17,7.2,1.16,2.6,2.6,4745,61369,79019.3
2022Q1,FR,FR,SK,SK,21,8.1,0.557,1.67,1.67,4744.7,61369,49016
2022Q1,IT,IT,SK,SK,12,8,0.292,1.63,1.63,4744.9,61370,54445.2
2022Q1,SI,SI,SK,SK,4,7.6,0.275,0.27,0.4,4156,54676,2066.8
2022Q1,GB,GB,SK,SK,16,8.5,0.425,3.19,3.19,5435.5,68975,64550.1
2022Q1,BE,BE,SK,SK,10,7.6,0.355,4.61,4.61,4745.2,61369,11354.3
2022Q1,BG,BG,SK,SK,6,8.1,0.339,0.29,0.41,4745.1,61370,4954.1
2022Q1,CY,CY,SK,SK,4,9.7,0.093,0.44,0.44,1203.1,26949,854.8
2022Q1,DK,DK,SK,SK,6,8.1,0.084,1.14,1.14,4744.6,61369,5669.1
2022Q1,EE,EE,SK,SK,6,9.8,0.071,1.2,1.42,3475.1,46787,1166.5
2022Q1,GR,GR,SK,SK,7,7.2,0.108,0.42,0.42,3124.6,47446,9039.9
2022Q1,ES,ES,SK,SK,14,9.2,0.403,1.3,1.3,4745.2,61370,42400
2022Q1,FI,FI,SK,SK,10,8.1,0.842,0.46,0.46,4745.3,61369,3993.3
2022Q1,HR,HR,SK,SK,4,6.4,0.114,0.22,0.22,3475.3,46787,3134
2022Q1,HU,HU,SK,SK,3,6.6,0.281,0.22,0.22,3475.2,46787,6701.4
2022Q1,IE,IE,SK,SK,8,8.8,0.059,1.86,1.86,4745,61369,3806.5
2022Q1,LT,LT,SK,SK,5,9.8,0.026,0.31,0.45,3475.1,46787,2108.4
2022Q1,LU,LU,SK,SK,4,7.2,0.366,1.38,1.38,3475,46787,590.7
2022Q1,LV,LV,SK,SK,5,8.9,0.119,0.46,0.61,3475.4,46787,1950.1
2022Q1,MT,MT,SK,SK,4,7.5,0.026,0.6,0.6,4744.9,61369,460.3
2022Q1,NL,NL,SK,SK,10,7.5,0.612,4.34,4.34,4745.1,61370,15856
2022Q1,PL,PL,SK,SK,5,8,0.304,0.84,0.84,3475,46787,35871.3
2022Q1,PT,PT,SK,SK,14,9.9,0.2,2.08,2.08,3475.1,46787,9482
2022Q1,RO,RO,SK,SK,5,7.2,0.458,0.31,0.34,3475.2,46787,11969
2022Q1,SE,SE,SK,SK,14,8.8,0.19,1.32,1.32,4745.2,61369,8539.1
2022Q1,SK,SK,SK,SK,2,5,0.044,0.13,0.13,2823.9,40872,2823.6
2022Q1,AT,AT,GB,GB,30,8.5,1.895,7.1,7.1,66194.4,1732503,8775.4
2022Q1,BE,BE,GB,GB,19,7.3,2.815,9.05,9.05,65876,1726256,11352.3
2022Q1,BG,BG,GB,GB,19,9.4,0.19,2.96,2.96,65253.1,1713207,7103.2
2022Q1,CY,CY,GB,GB,7,11.1,5.993,4.19,4.19,65886.3,1726243,854.9
2022Q1,CZ,CZ,GB,GB,16,8.4,0.821,6.35,6.35,65259,1713212,9511.9
2022Q1,DE,DE,GB,GB,31,8.1,4.316,11.28,11.28,66193.3,1732510,78583.3
2022Q1,DK,DK,GB,GB,14,8.1,3.515,9.79,9.79,65880.3,1726243,5673.3
2022Q1,GR,GR,GB,GB,19,10.1,3.321,5.77,5.77,65250.3,1713220,8999.3
2022Q1,ES,ES,GB,GB,25,8.4,4.937,7.14,7.14,67294.3,1753777,46026.8
2022Q1,FI,FI,GB,GB,14,9.1,2.484,4.03,4.03,65872.2,1726245,4194.5
2022Q1,FR,FR,GB,GB,44,7.4,6.671,6.46,6.46,66192.5,1732514,59530.1
2022Q1,HR,HR,GB,GB,13,8.9,0.172,3.97,3.97,64350,1693517,2857.7
2022Q1,HU,HU,GB,GB,25,8.7,1.038,7.16,7.16,65878.2,1726251,8138.7
2022Q1,IE,IE,GB,GB,9,5.3,13.055,10.79,10.79,65259.9,1713215,4782.2
2022Q1,IT,IT,GB,GB,32,8.6,2.779,10.51,10.51,65878.5,1726258,58995.6
2022Q1,LT,LT,GB,GB,14,9.1,0.093,3.52,3.52,60768.4,1622034,2352.8
2022Q1,LU,LU,GB,GB,9,7.4,0.162,6.74,6.74,65334.9,1716445,590.7
2022Q1,LV,LV,GB,GB,14,9.9,0.111,5.41,5.41,60775.9,1623672,1950.2
2022Q1,NL,NL,GB,GB,19,6.2,4.69,15.19,15.19,66259.7,1793176,15855.2
2022Q1,PL,PL,GB,GB,21,8.9,0.522,6.31,6.31,65883.2,1726247,39060.2
2022Q1,PT,PT,GB,GB,16,8.1,9.06,7.72,7.72,66340.8,1736603,9676.7
2022Q1,RO,RO,GB,GB,16,10,0.362,3.58,3.58,64340.3,1693527,18001.3
2022Q1,SE,SE,GB,GB,14,8.6,4.272,6.66,6.66,65885,1726248,9118.3
2022Q1,SI,SI,GB,GB,15,9.4,0.079,4.04,4.04,64346.4,1693513,2066.9
2022Q1,SK,SK,GB,GB,21,8.7,1.053,3.35,3.35,65874,1726259,5435.8
2022Q1,GB,GB,GB,GB,26,6,12.813,5.49,5.49,67539.4,1837441,67535.8
2022Q1,EE,EE,GB,GB,11,10.2,0.027,4.49,4.49,60759.5,1622035,1166.2
2022Q1,MT,MT,GB,GB,14,8.7,0.414,3.7,3.7,63424.4,1677273,460.3
